Snapshot, Tunnel cluster, Tunnel, Throughput, Cost, Bottleneck radius, Bottleneck R error bound, Length, Curvature
7N8O.pdb, 1, 1, 0.31065657103751415, 1.1690672501530457, 1.0954252354283769, -, 37.52863568190008, 1.6319484870283696
7N8O.pdb, 2, 2, 0.30960916851082804, 1.1724445236519903, 1.0954252354283769, -, 35.74678144373674, 1.9644996756715365
7N8O.pdb, 3, 3, 0.2873966765873348, 1.2468918691224626, 0.9729420942831668, -, 38.80367625601096, 1.4363911869980166
7N8O.pdb, 4, 4, 0.2757545573227235, 1.2882440939761246, 1.0282809403031212, -, 38.78204956239129, 1.4471900113689615
7N8O.pdb, 5, 5, 0.26057073338425274, 1.3448809253399732, 1.0954252354283769, -, 42.15934140881915, 1.8431514126643291
7N8O.pdb, 6, 6, 0.25045454904201553, 1.384477815869656, 1.1499352486738816, -, 39.75303676494895, 1.6516360995536858
7N8O.pdb, 7, 7, 0.20784350482143177, 1.5709698631273945, 1.0954252354283769, -, 42.66978018367046, 2.154116573273389
7N8O.pdb, 8, 8, 0.20719576544189322, 1.5740912058621486, 1.1499352486738816, -, 42.134278415259125, 1.472969163534936
7N8O.pdb, 9, 9, 0.1985748024410271, 1.616589411346845, 0.953849061514898, -, 36.22584563542457, 1.3141616169797605
7N8O.pdb, 10, 10, 0.17941261150979537, 1.7180670335573718, 0.9022573106215548, -, 33.273900906088066, 1.9487225757874425
7N8O.pdb, 11, 11, 0.16108515547788393, 1.8258221378127442, 1.0954252354283769, -, 67.20946284900981, 1.5412157854222803
7N8O.pdb, 12, 12, 0.13931070811478272, 1.9710485302621872, 1.0954252354283769, -, 77.06974269656784, 2.1519470646556993
7N8O.pdb, 13, 13, 0.11633791768650738, 2.1512562391769157, 1.0954252354283769, -, 79.98603375124681, 2.156790409068191
7N8O.pdb, 14, 14, 0.11088876559222126, 2.199227691901307, 0.9175106970040616, -, 60.71979309702594, 2.025928061831284
7N8O.pdb, 15, 15, 0.08068530417697155, 2.517198824663827, 0.9022573106215548, -, 56.830438827189596, 1.6433003660959886
7N8O.pdb, 16, 16, 0.0793984729664838, 2.5332761430741413, 0.9629807418057439, -, 100.85794068329056, 2.922279472353448
7N8O.pdb, 17, 17, 0.07626891199433475, 2.573489868092808, 0.9071703791754429, -, 64.0125386166157, 1.6067333487145377
7N8O.pdb, 18, 18, 0.07289325272014233, 2.6187591995302837, 0.9729420942831668, -, 77.7824501433085, 2.4303861872167527
7N8O.pdb, 19, 19, 0.06836514401199208, 2.6828921747069345, 0.9022573106215548, -, 59.832397095218695, 2.082758699535941
7N8O.pdb, 20, 20, 0.06699571311420546, 2.703126645008262, 0.9022573106215548, -, 59.84205757595381, 2.2434799647525088
7N8O.pdb, 21, 21, 0.05409374766932774, 2.917036669691451, 1.0740927832164888, -, 106.56435853348616, 2.3514477011078037
7N8O.pdb, 22, 22, 0.05339455926580913, 2.9300464246148294, 0.9098659103410451, -, 70.99696288179332, 2.2999722278006125
7N8O.pdb, 23, 23, 0.0410760719000242, 3.1923295192331644, 0.9022573106215548, -, 73.6305459630765, 1.7064618028930871
